window_end,effective_N,analyzed_N,effective_ratio
2023-11-16,4.057340430127461,12,0.3381117025106217
2023-11-17,4.0605490526366905,12,0.3383790877197242
2023-11-20,4.065534310089185,12,0.3387945258407654
2023-11-21,4.065519387444439,12,0.3387932822870366
2023-11-22,4.066048089800911,12,0.3388373408167426
2023-11-24,4.070714306767597,12,0.33922619223063305
2023-11-27,4.068531353221191,12,0.33904427943509924
2023-11-28,4.070130081873325,12,0.3391775068227771
2023-11-29,4.06839462102917,12,0.3390328850857642
2023-11-30,4.072455923873331,12,0.3393713269894443
2023-12-01,4.071619155972225,12,0.3393015963310187
2023-12-04,4.068196326764731,12,0.3390163605637276
2023-12-05,4.06039707955472,12,0.3383664232962267
2023-12-06,4.059545485596736,12,0.33829545713306136
2023-12-07,4.059935412073084,12,0.33832795100609037
2023-12-08,4.063706647918839,12,0.3386422206599033
2023-12-11,4.065561179122607,12,0.33879676492688393
2023-12-12,4.067424320146934,12,0.33895202667891117
2023-12-13,4.067883446372383,12,0.3389902871976986
2023-12-14,4.06940283935626,12,0.33911690327968835
2023-12-15,4.075270606956159,12,0.3396058839130132
2023-12-18,4.074780573204507,12,0.3395650477670422
2023-12-19,4.073322413071302,12,0.3394435344226085
2023-12-20,4.074176774912295,12,0.3395147312426912
2023-12-21,4.079382227757266,12,0.3399485189797722
2023-12-22,4.080488181789989,12,0.3400406818158324
2023-12-27,4.079740276228921,12,0.3399783563524101
2023-12-28,4.076322331017159,12,0.33969352758476323
2023-12-29,4.077706034978991,12,0.33980883624824926
2024-01-02,4.081141813275536,12,0.3400951511062947
2024-01-03,4.080288087601901,12,0.3400240073001584
2024-01-04,4.085695739894034,12,0.34047464499116953
2024-01-05,4.08209783773551,12,0.34017481981129255
2024-01-08,4.0804760695486415,12,0.3400396724623868
2024-01-09,4.080655538375204,12,0.3400546281979337
2024-01-10,4.081356506009395,12,0.3401130421674496
2024-01-11,4.081652529312616,12,0.3401377107760513
2024-01-12,4.081115787195294,12,0.34009298226627455
2024-01-16,4.0864996198392465,12,0.3405416349866039
2024-01-17,4.0727238628327544,12,0.33939365523606285
2024-01-18,4.073982174965869,12,0.33949851458048913
2024-01-19,4.072661247015966,12,0.3393884372513305
2024-01-22,4.070557962176328,12,0.339213163514694
2024-01-23,4.067412042009687,12,0.33895100350080726
2024-01-24,4.061432780678906,12,0.3384527317232422
2024-01-25,4.053417934811478,12,0.3377848279009565
2024-01-26,4.055910671010166,12,0.3379925559175138
2024-01-29,4.066502526305563,12,0.3388752105254636
2024-01-30,4.07864154511877,12,0.33988679542656414
2024-01-31,4.077823773388918,12,0.33981864778240983
2024-02-01,4.079492625731837,12,0.3399577188109864
2024-02-02,4.081482181227829,12,0.34012351510231903
2024-02-05,4.102956406064374,12,0.3419130338386978
2024-02-06,4.067263857652061,12,0.33893865480433844
2024-02-07,4.066654945334882,12,0.3388879121112402
2024-02-08,4.073741006210348,12,0.33947841718419564
2024-02-20,4.075643736445584,12,0.339636978037132
2024-02-21,4.074824741370724,12,0.33956872844756036
2024-02-22,4.070387990082265,12,0.3391989991735221
2024-02-23,4.0793096098308395,12,0.3399424674859033
2024-02-26,4.0800838623546545,12,0.3400069885295545
2024-02-27,4.083984465425206,12,0.34033203878543383
2024-02-28,4.082306962393915,12,0.34019224686615956
2024-02-29,4.08742168717986,12,0.34061847393165495
2024-03-01,4.085991241276237,12,0.3404992701063531
2024-03-04,4.09299777759472,12,0.3410831481328933
2024-03-05,4.095131260636999,12,0.34126093838641663
2024-03-06,4.093661782547288,12,0.3411384818789407
2024-03-07,4.093956261573043,12,0.34116302179775354
2024-03-08,4.0914561148061654,12,0.3409546762338471
2024-03-11,4.0959883202199014,12,0.3413323600183251
2024-03-12,4.100546378859113,12,0.34171219823825943
2024-03-13,4.099974156542753,12,0.34166451304522943
2024-03-14,4.099027095562775,12,0.3415855912968979
2024-03-15,4.10153881567878,12,0.34179490130656504
2024-03-18,4.102745759934508,12,0.34189547999454234
2024-03-19,4.103762255033597,12,0.3419801879194664
2024-03-20,4.1066368278047785,12,0.3422197356503982
2024-03-21,4.1079729261367985,12,0.34233107717806655
2024-03-22,4.1038871926345735,12,0.34199059938621446
2024-03-25,4.107727972873096,12,0.34231066440609137
2024-03-26,4.108174742318219,12,0.3423478951931849
2024-03-27,4.104046385026111,12,0.3420038654188426
2024-03-28,4.104479057453121,12,0.34203992145442674
2024-04-02,4.106566331285783,12,0.3422138609404819
2024-04-03,4.107558110607095,12,0.3422965092172579
2024-04-08,4.10552945981335,12,0.3421274549844458
2024-04-09,4.1059945353465785,12,0.3421662112788815
2024-04-10,4.109886025697225,12,0.34249050214143545
2024-04-11,4.106374287863312,12,0.34219785732194263
2024-04-12,4.102794781466251,12,0.3418995651221876
2024-04-15,4.10741264597416,12,0.3422843871645133
2024-04-16,4.109447458566773,12,0.34245395488056446
2024-04-17,4.107975065825182,12,0.34233125548543186
2024-04-18,4.10577110999278,12,0.34214759249939836
2024-04-19,4.106248707170927,12,0.34218739226424394
2024-04-22,4.111195579613961,12,0.34259963163449675
2024-04-23,4.114670084729785,12,0.3428891737274821
2024-04-24,4.109680854916357,12,0.3424734045763631
2024-04-25,4.107140038070524,12,0.3422616698392103
2024-04-26,4.109216824111141,12,0.3424347353425951
2024-04-29,4.111490232121064,12,0.34262418601008865
2024-04-30,4.110135797365546,12,0.3425113164471288
2024-05-06,4.099939500088131,12,0.34166162500734426
2024-05-07,4.0981418473126965,12,0.3415118206093914
2024-05-08,4.091590225929549,12,0.3409658521607957
2024-05-09,4.085153840457182,12,0.3404294867047652
2024-05-10,4.088142143854207,12,0.3406785119878506
2024-05-13,4.091278405422245,12,0.3409398671185204
2024-05-14,4.091996546309065,12,0.34099971219242203
2024-05-16,4.087263023480025,12,0.34060525195666874
2024-05-17,4.084397002512373,12,0.34036641687603103
2024-05-20,4.075679634365824,12,0.3396399695304853
2024-05-21,4.077063722277174,12,0.3397553101897645
2024-05-22,4.077837223122534,12,0.3398197685935445
2024-05-23,4.065933458567033,12,0.3388277882139194
2024-05-24,4.056877060203609,12,0.33807308835030075
2024-05-28,4.059627638273469,12,0.3383023031894557
2024-05-29,4.060131020769577,12,0.33834425173079813
2024-05-30,4.069975665893895,12,0.33916463882449127
2024-05-31,4.071851912309011,12,0.3393209926924176
2024-06-03,4.079040501324207,12,0.33992004177701723
2024-06-04,4.082936318223225,12,0.34024469318526873
2024-06-05,4.081657398416979,12,0.3401381165347483
2024-06-06,4.082354048691985,12,0.3401961707243321
2024-06-07,4.079163317438123,12,0.3399302764531769
2024-06-11,4.08333283647601,12,0.3402777363730008
2024-06-12,4.090579307587636,12,0.34088160896563635
2024-06-13,4.096731324962263,12,0.3413942770801886
2024-06-14,4.085545786484758,12,0.34046214887372983
2024-06-17,4.084916628068362,12,0.3404097190056969
2024-06-18,4.082423883054037,12,0.3402019902545031
2024-06-20,4.080213209357872,12,0.3400177674464893
2024-06-21,4.0892375912185805,12,0.34076979926821505
2024-06-24,4.086150601636778,12,0.34051255013639814
2024-06-25,4.097486362159756,12,0.3414571968466464
2024-06-26,4.1088916357101315,12,0.34240763630917764
2024-06-27,4.106409059238557,12,0.34220075493654645
2024-06-28,4.111813234144743,12,0.3426511028453953
2024-07-02,4.12507286950359,12,0.34375607245863254
2024-07-03,4.125952705863351,12,0.34382939215527925
2024-07-05,4.147544765023573,12,0.3456287304186311
2024-07-08,4.142610885108389,12,0.3452175737590324
2024-07-09,4.140755912444767,12,0.3450629927037306
2024-07-10,4.156578259986837,12,0.34638152166556974
2024-07-11,4.149770547809784,12,0.34581421231748205
2024-07-12,4.150572771740061,12,0.3458810643116717
2024-07-15,4.154432500648819,12,0.3462027083874016
2024-07-16,4.157161897883899,12,0.3464301581569916
2024-07-17,4.162712769173334,12,0.3468927307644445
2024-07-18,4.1632019971817265,12,0.34693349976514387
2024-07-19,4.1687015297338865,12,0.34739179414449056
2024-07-22,4.176109501191991,12,0.34800912509933263
2024-07-23,4.16606963737911,12,0.3471724697815925
2024-07-24,4.17213967169036,12,0.34767830597419663
2024-07-25,4.170623256693055,12,0.3475519380577546
2024-07-26,4.1702600444474465,12,0.34752167037062054
2024-07-29,4.172000514042404,12,0.3476667095035337
2024-07-30,4.176983878247516,12,0.3480819898539597
2024-07-31,4.155704340266809,12,0.34630869502223405
2024-08-01,4.154353924842183,12,0.34619616040351525
2024-08-02,4.153853828335682,12,0.34615448569464013
2024-08-05,4.156241054477359,12,0.3463534212064466
2024-08-06,4.155104514993903,12,0.3462587095828253
2024-08-07,4.157540028450416,12,0.34646166903753467
2024-08-08,4.158090376789291,12,0.34650753139910756
2024-08-09,4.160768017036112,12,0.3467306680863427
2024-08-12,4.163145208041623,12,0.34692876733680195
2024-08-13,4.16353121739637,12,0.34696093478303086
2024-08-14,4.159111435376023,12,0.34659261961466853
2024-08-15,4.157926911563584,12,0.3464939092969654
2024-08-16,4.159707476779077,12,0.3466422897315897
2024-08-19,4.158922880899787,12,0.3465769067416489
2024-08-20,4.15508066749111,12,0.34625672229092586
2024-08-21,4.155398188652945,12,0.3462831823877454
2024-08-22,4.156621627626945,12,0.34638513563557877
2024-08-23,4.153757853637498,12,0.34614648780312485
2024-08-26,4.146804051376332,12,0.345567004281361
2024-08-27,4.144880869582686,12,0.3454067391318905
2024-08-28,4.140632874844675,12,0.34505273957038957
2024-08-29,4.137377572166132,12,0.34478146434717766
2024-08-30,4.13363523968873,12,0.3444696033073942
2024-09-03,4.134611619802335,12,0.3445509683168613
2024-09-04,4.135149415622232,12,0.344595784635186
2024-09-05,4.1345743368248735,12,0.3445478614020728
2024-09-09,4.133085067180387,12,0.3444237555983656
2024-09-10,4.130515379248402,12,0.34420961493736685
2024-09-11,4.131785632838466,12,0.3443154694032055
2024-09-12,4.132532601262636,12,0.3443777167718864
2024-09-13,4.139054978346151,12,0.3449212481955126
2024-09-19,4.133511723463248,12,0.344459310288604
2024-09-20,4.135396955921836,12,0.34461641299348633
2024-09-23,4.13502269370301,12,0.3445852244752508
2024-09-24,4.08945281670215,12,0.34078773472517915
2024-09-25,4.088968197379298,12,0.3407473497816082
2024-09-26,4.043119538645182,12,0.3369266282204318
2024-09-27,4.005172712925321,12,0.3337643927437768
2024-09-30,3.9026314753974063,12,0.3252192896164505
2024-10-08,4.039117535187679,12,0.3365931279323066
2024-10-09,3.983168265404809,12,0.33193068878373405
2024-10-10,3.9912066205249954,12,0.3326005517104163
2024-10-14,3.9912165688862014,12,0.33260138074051676
2024-10-15,3.9769397261890638,12,0.33141164384908867
2024-10-16,3.9824351488096807,12,0.33186959573414004
2024-10-17,3.9817605001772165,12,0.33181337501476804
2024-10-18,3.9634030633362647,12,0.33028358861135537
2024-10-21,3.9633192672334103,12,0.3302766056027842
2024-10-22,3.9615739970668384,12,0.33013116642223655
2024-10-23,3.96133168181396,12,0.33011097348449664
2024-10-24,3.9588328849752035,12,0.32990274041460027
2024-10-25,3.9612673842194694,12,0.3301056153516225
2024-10-28,3.9574399920562477,12,0.3297866660046873
2024-10-29,3.957071687656694,12,0.32975597397139117
2024-10-30,3.955913760608032,12,0.3296594800506693
2024-10-31,3.960640065925983,12,0.33005333882716525
2024-11-01,3.9639524798828156,12,0.330329373323568
2024-11-04,3.9598021356961297,12,0.3299835113080108
2024-11-05,3.951248725118386,12,0.3292707270931988
2024-11-06,3.9502885493176696,12,0.32919071244313913
2024-11-07,3.9397866917459403,12,0.328315557645495
2024-11-08,3.9397344711390785,12,0.3283112059282565
2024-11-11,3.942966557343733,12,0.3285805464453111
2024-11-12,3.943005069629435,12,0.3285837558024529
2024-11-13,3.9417992806570683,12,0.328483273388089
2024-11-14,3.93239739308327,12,0.3276997827569392
2024-11-15,3.9315284494960276,12,0.32762737079133564
2024-11-18,3.934680830962133,12,0.32789006924684444
2024-11-19,3.930941606512501,12,0.32757846720937506
2024-11-20,3.9334984926260415,12,0.3277915410521701
2024-11-21,3.9475441208508126,12,0.32896201007090103
2024-11-22,3.9462151150962073,12,0.3288512595913506
2024-11-25,3.939954981557128,12,0.32832958179642735
2024-11-26,3.944038606060704,12,0.328669883838392
2024-11-27,3.9357127785558252,12,0.3279760648796521
2024-11-29,3.930138921795759,12,0.32751157681631327
2024-12-02,3.9213193903704084,12,0.3267766158642007
2024-12-03,3.91853699418615,12,0.3265447495155125
2024-12-04,3.9195932388154526,12,0.3266327699012877
2024-12-05,3.916487448454134,12,0.32637395403784447
2024-12-06,3.9100576545230608,12,0.32583813787692173
2024-12-09,3.9111559840603993,12,0.3259296653383666
2024-12-10,3.90774368390408,12,0.32564530699200667
2024-12-11,3.9058619005405424,12,0.32548849171171185
2024-12-12,3.904907436962499,12,0.3254089530802083
2024-12-13,3.8964187994300485,12,0.3247015666191707
2024-12-16,3.9096822403945266,12,0.32580685336621057
2024-12-17,3.9098855650766766,12,0.32582379708972303
2024-12-18,3.9081798334433673,12,0.3256816527869473
2024-12-19,3.9066671805411644,12,0.32555559837843034
2024-12-20,3.9133678473471045,12,0.3261139872789254
2024-12-23,3.9185273957856728,12,0.32654394964880606
2024-12-24,3.9164715234223393,12,0.3263726269518616
2024-12-27,3.914178829518701,12,0.32618156912655843
2024-12-30,3.915088472782564,12,0.3262573727318803
2024-12-31,3.913768986463105,12,0.3261474155385921
2025-01-02,3.898114776681832,12,0.3248428980568193
2025-01-03,3.8931697628338187,12,0.3244308135694849
2025-01-06,3.8872365617595146,12,0.32393638014662623
2025-01-07,3.8876433464070614,12,0.3239702788672551
2025-01-08,3.888110453147639,12,0.3240092044289699
2025-01-10,3.8820897060311856,12,0.3235074755025988
2025-01-13,3.8757543167430297,12,0.32297952639525246
2025-01-14,3.8603731727245325,12,0.32169776439371106
2025-01-15,3.855449869791926,12,0.3212874891493272
2025-01-16,3.8538288649753842,12,0.32115240541461537
2025-01-17,3.851849152376378,12,0.32098742936469815
2025-01-21,3.8490160239844387,12,0.32075133533203654
2025-01-22,3.8364424401826493,12,0.31970353668188745
2025-01-23,3.8370107444225843,12,0.31975089536854867
2025-01-24,3.8249831972152446,12,0.31874859976793707
2025-01-27,3.810641078068062,12,0.31755342317233853
2025-02-05,3.8094047122772765,12,0.31745039268977304
2025-02-06,3.80486139461622,12,0.317071782884685
2025-02-07,3.8016865378147573,12,0.3168072114845631
2025-02-10,3.795808506423982,12,0.31631737553533185
2025-02-11,3.792255353687285,12,0.31602127947394043
2025-02-12,3.7942404639046114,12,0.3161867053253843
2025-02-13,3.7950994994092264,12,0.3162582916174355
2025-02-14,3.7832136948323707,12,0.31526780790269754
2025-02-18,3.7878129409193795,12,0.31565107840994827
2025-02-19,3.7824707159146262,12,0.31520589299288554
2025-02-20,3.7831484263325423,12,0.3152623688610452
2025-02-21,3.7796376735387396,12,0.3149698061282283
2025-02-24,3.7796145726122274,12,0.31496788105101897
2025-02-25,3.778298825820803,12,0.3148582354850669
2025-02-26,3.7790766287040762,12,0.31492305239200635
2025-02-27,3.7783586996172076,12,0.31486322496810065
2025-02-28,3.77473290293077,12,0.3145610752442308
2025-03-03,3.773647579324967,12,0.31447063161041394
2025-03-04,3.7728383416348428,12,0.3144031951362369
2025-03-05,3.7725396427960076,12,0.31437830356633395
2025-03-06,3.769882751301582,12,0.31415689594179846
2025-03-07,3.771007119555342,12,0.3142505932962785
2025-03-10,3.7700397516496214,12,0.3141699793041351
2025-03-11,3.769267704037062,12,0.3141056420030885
2025-03-12,3.765221157999464,12,0.3137684298332887
2025-03-13,3.769302352107495,12,0.3141085293422912
2025-03-14,3.7636132019776274,12,0.31363443349813563
2025-03-17,3.762517726305441,12,0.31354314385878673
2025-03-18,3.7615174491440553,12,0.31345978742867125
2025-03-19,3.7605360000804398,12,0.3133780000067033
2025-03-20,3.758535780081348,12,0.313211315006779
2025-03-21,3.7550223219024086,12,0.3129185268252007
2025-03-24,3.7532621274469236,12,0.3127718439539103
2025-03-25,3.7552981484969883,12,0.31294151237474904
2025-03-26,3.755011602571304,12,0.31291763354760865
2025-03-27,3.756887990603225,12,0.3130739992169354
2025-03-28,3.754456725954139,12,0.31287139382951157
2025-03-31,3.752241281268798,12,0.31268677343906653
2025-04-01,3.7520005993643437,12,0.31266671661369533
2025-04-02,3.750961229332065,12,0.31258010244433876
2025-04-03,3.7494382530401733,12,0.3124531877533478
2025-04-07,3.645043629159047,12,0.3037536357632539
2025-04-08,3.639091065218155,12,0.3032575887681796
2025-04-09,3.6349114931465616,12,0.3029092910955468
2025-04-10,3.6336414648272584,12,0.30280345540227155
2025-04-11,3.63489109115698,12,0.30290759092974834
2025-04-14,3.633625894473082,12,0.3028021578727568
2025-04-15,3.6337728311157824,12,0.30281440259298187
2025-04-16,3.6335031873996093,12,0.30279193228330076
2025-04-17,3.6300355681163654,12,0.3025029640096971
2025-04-22,3.6324508751413545,12,0.3027042395951129
2025-04-23,3.6375688696172075,12,0.3031307391347673
2025-04-24,3.6392003592006144,12,0.3032666966000512
2025-04-25,3.6395264609176556,12,0.303293871743138
2025-04-28,3.6382177059918694,12,0.3031848088326558
2025-04-29,3.635438026758378,12,0.3029531688965315
2025-04-30,3.6349064806699687,12,0.30290887338916406
2025-05-06,3.6352038850274773,12,0.3029336570856231
2025-05-07,3.6349299251924307,12,0.30291082709936923
2025-05-08,3.6311113692689294,12,0.3025926141057441
2025-05-09,3.634247718945723,12,0.30285397657881025
2025-05-12,3.631637308628824,12,0.30263644238573534
2025-05-13,3.6309404472069424,12,0.3025783706005785
2025-05-14,3.630460379171981,12,0.30253836493099845
2025-05-15,3.628821591243225,12,0.3024017992702687
2025-05-16,3.6297677309347356,12,0.3024806442445613
2025-05-19,3.6292304760874186,12,0.30243587300728486
2025-05-20,3.6251237456090664,12,0.3020936454674222
2025-05-21,3.622011444109172,12,0.3018342870090977
2025-05-22,3.6206743048211387,12,0.3017228587350949
2025-05-23,3.6140485464168943,12,0.30117071220140784
2025-05-27,3.61172108548807,12,0.30097675712400584
2025-05-28,3.6108610531975756,12,0.30090508776646463
2025-05-29,3.619991086982485,12,0.3016659239152071
2025-05-30,3.618482195819589,12,0.30154018298496577
2025-06-03,3.623052743788625,12,0.3019210619823854
2025-06-04,3.621580425767429,12,0.30179836881395244
2025-06-05,3.6207884787021736,12,0.30173237322518115
2025-06-06,3.6122892740914634,12,0.3010241061742886
2025-06-09,3.6145184549516385,12,0.3012098712459699
2025-06-10,3.611765498355438,12,0.3009804581962865
2025-06-11,3.6101515091020935,12,0.30084595909184114
2025-06-12,3.6115157486794125,12,0.3009596457232844
2025-06-13,3.605162068482805,12,0.3004301723735671
2025-06-16,3.6057240985046835,12,0.30047700820872364
2025-06-17,3.6059255550530636,12,0.30049379625442196
2025-06-18,3.6014778111000343,12,0.30012315092500286
2025-06-20,3.6039891647106543,12,0.30033243039255453
2025-06-23,3.602001326670483,12,0.30016677722254026
2025-06-24,3.605689801077527,12,0.3004741500897939
2025-06-25,3.6033334147165066,12,0.3002777845597089
2025-06-26,3.602904833554538,12,0.3002420694628782
2025-06-27,3.6026343804232335,12,0.3002195317019361
2025-06-30,3.6005785249955267,12,0.30004821041629387
2025-07-02,3.5982633500335557,12,0.299855279169463
2025-07-03,3.6000385869308187,12,0.3000032155775682
2025-07-07,3.612042560707817,12,0.3010035467256514
2025-07-08,3.6191569458329647,12,0.3015964121527471
2025-07-09,3.61689799835532,12,0.30140816652961
2025-07-10,3.6187497313119454,12,0.3015624776093288
2025-07-11,3.6142988781889076,12,0.30119157318240897
2025-07-14,3.6277947273028257,12,0.3023162272752355
2025-07-15,3.6665526299867404,12,0.30554605249889505
2025-07-16,3.677569097216998,12,0.30646409143474984
2025-07-17,3.69029268534024,12,0.30752439044502
2025-07-18,3.686542969616648,12,0.30721191413472065
2025-07-21,3.6835959153589815,12,0.3069663262799151
2025-07-22,3.677910673898192,12,0.30649255615818266
2025-07-23,3.679329227116236,12,0.30661076892635303
2025-07-24,3.674275060545876,12,0.306189588378823
2025-07-25,3.67642102944999,12,0.3063684191208325
2025-07-28,3.6736097316184653,12,0.3061341443015388
2025-07-29,3.6741713157063747,12,0.3061809429755312
2025-07-30,3.672715721591541,12,0.30605964346596176
2025-07-31,3.6666062645744613,12,0.30555052204787175
2025-08-01,3.6637163382486113,12,0.30530969485405096
2025-08-04,3.658934206980059,12,0.3049111839150049
2025-08-05,3.6585274366633027,12,0.30487728638860856
2025-08-06,3.655909209502897,12,0.3046591007919081
2025-08-07,3.668915833495564,12,0.3057429861246303
2025-08-08,3.6671092944150034,12,0.3055924412012503
2025-08-11,3.662768393644351,12,0.3052306994703626
2025-08-12,3.6618053200767355,12,0.30515044333972796
2025-08-13,3.65847026932836,12,0.30487252244403
2025-08-14,3.657583486377777,12,0.30479862386481477
2025-08-15,3.6694629565980406,12,0.30578857971650336
2025-08-18,3.668464847483297,12,0.3057054039569414
2025-08-19,3.7027063015251063,12,0.3085588584604255
2025-08-20,3.6988994571999347,12,0.3082416214333279
2025-08-21,3.705548767634281,12,0.3087957306361901
2025-08-22,3.702601012569201,12,0.30855008438076675
2025-08-25,3.699609120564246,12,0.3083007600470205
2025-08-26,3.6983798702384867,12,0.3081983225198739
2025-08-27,3.700661868976658,12,0.30838848908138816
2025-08-28,3.699454904541606,12,0.3082879087118005
2025-08-29,3.700748866788586,12,0.30839573889904887
2025-09-02,3.7000830396003046,12,0.3083402533000254
2025-09-03,3.700770660708654,12,0.3083975550590545
2025-09-04,3.6984408867351064,12,0.30820340722792555
2025-09-05,3.693420260476662,12,0.3077850217063885
2025-09-08,3.694291590320571,12,0.3078576325267142
2025-09-09,3.693829365335954,12,0.30781911377799615
2025-09-10,3.7028999710923887,12,0.3085749975910324
2025-09-11,3.7050898262137935,12,0.3087574855178161
2025-09-12,3.716568710732579,12,0.30971405922771494
2025-09-15,3.7162886941001156,12,0.30969072450834295
2025-09-16,3.7156269623529288,12,0.3096355801960774
2025-09-17,3.715394832315916,12,0.3096162360263263
2025-09-18,3.7132547751347182,12,0.30943789792789317
2025-09-19,3.713118639303288,12,0.30942655327527396
2025-09-22,3.711506908149528,12,0.309292242345794
2025-09-23,3.718898278714594,12,0.3099081898928828
2025-09-24,3.716442797107656,12,0.309703566425638
2025-09-25,3.7194001151329164,12,0.3099500095944097
2025-09-26,3.720756964489644,12,0.310063080374137
2025-09-29,3.7208453474702217,12,0.31007044562251845
2025-09-30,3.7231320919062285,12,0.3102610076588524
2025-10-09,3.722476945970967,12,0.3102064121642472
2025-10-10,3.7263211279588875,12,0.31052676066324064
2025-10-13,3.725312968458667,12,0.3104427473715556
2025-10-14,3.7348105537677116,12,0.31123421281397595
2025-10-15,3.7311018147839787,12,0.3109251512319982
2025-10-16,3.7367068226210978,12,0.3113922352184248
2025-10-17,3.735090366945243,12,0.31125753057877026
2025-10-20,3.7389448721912157,12,0.311578739349268
2025-10-21,3.7453703306987043,12,0.312114194224892
2025-10-22,3.7442575079367897,12,0.3120214589947325
2025-10-23,3.748109280211569,12,0.31234244001763073
2025-10-24,3.7496411257442896,12,0.3124700938120241
2025-10-27,3.744903866807476,12,0.31207532223395634
2025-10-28,3.7472939314427105,12,0.3122744942868925
2025-10-30,3.7444577505619594,12,0.31203814588016326
2025-10-31,3.7487982012901027,12,0.31239985010750854
2025-11-03,3.7551533731748052,12,0.3129294477645671
2025-11-04,3.755530917651354,12,0.3129609098042795
2025-11-05,3.7551616064687483,12,0.3129301338723957
2025-11-06,3.7502991242412067,12,0.31252492702010054
2025-11-07,3.751802765413652,12,0.31265023045113766
2025-11-10,3.7530271304296705,12,0.3127522608691392
2025-11-12,3.751579862645632,12,0.3126316552204693
2025-11-13,3.7514161470192127,12,0.3126180122516011
2025-11-14,3.7477650031157776,12,0.31231375025964814
2025-11-17,3.749352522406553,12,0.31244604353387945
2025-11-18,3.7465245968754504,12,0.3122103830729542
2025-11-19,3.746982667805134,12,0.3122485556504278
2025-11-20,3.744725950079897,12,0.3120604958399914
2025-11-21,3.735688605060298,12,0.3113073837550248
2025-11-24,3.7409245851682957,12,0.3117437154306913
2025-11-25,3.739719109959128,12,0.3116432591632607
2025-11-26,3.7484198639647563,12,0.31236832199706305
2025-11-28,3.7467706341874636,12,0.3122308861822886
2025-12-01,3.746546403740299,12,0.31221220031169156
2025-12-02,3.7466136351766997,12,0.3122178029313916
2025-12-03,3.742100203331114,12,0.3118416836109262
2025-12-04,3.7405865661189424,12,0.3117155471765785
2025-12-05,3.741157264638209,12,0.3117631053865174
2025-12-08,3.7496256637283154,12,0.31246880531069293
2025-12-09,3.7475421142287457,12,0.31229517618572883
2025-12-10,3.7453915509538653,12,0.31211596257948876
2025-12-11,3.743397216214442,12,0.31194976801787017
2025-12-12,3.743543673566254,12,0.31196197279718785
2025-12-15,3.745362134360364,12,0.312113511196697
2025-12-16,3.7399922320845533,12,0.31166601934037946
2025-12-17,3.7397778668527275,12,0.3116481555710606
2025-12-18,3.7400288321995805,12,0.311669069349965
2025-12-19,3.7416509682096284,12,0.31180424735080237
2025-12-22,3.7421928182835043,12,0.31184940152362534
2025-12-23,3.740064003625759,12,0.3116720003021466
2025-12-24,3.7383175465086325,12,0.3115264622090527
2025-12-29,3.736043882601108,12,0.31133699021675904
2025-12-30,3.7325354168264475,12,0.3110446180688706
2025-12-31,3.729074186523271,12,0.31075618221027257
2026-01-05,3.728228262111168,12,0.310685688509264
2026-01-06,3.724890246609316,12,0.3104075205507763
2026-01-07,3.727051466758527,12,0.31058762222987724
2026-01-08,3.728395463181017,12,0.31069962193175144
2026-01-09,3.7314424275791254,12,0.3109535356315938
2026-01-12,3.728763856425792,12,0.310730321368816
2026-01-13,3.733497413049047,12,0.3111247844207539
2026-01-14,3.732793534115712,12,0.311066127842976
2026-01-15,3.742955676245652,12,0.311912973020471
2026-01-16,3.741135305123426,12,0.31176127542695214
2026-01-20,3.743741901471802,12,0.31197849178931686
2026-01-21,3.743722741084056,12,0.311976895090338
2026-01-22,3.741512013586995,12,0.31179266779891623
2026-01-23,3.7445667774859266,12,0.31204723145716057
2026-01-26,3.7425829484098703,12,0.3118819123674892
2026-01-27,3.7435796761751847,12,0.31196497301459875
2026-01-28,3.749255541192649,12,0.3124379617660541
2026-01-29,3.7562322842268943,12,0.3130193570189079
2026-01-30,3.754878132159311,12,0.31290651101327593
2026-02-02,3.744199109517738,12,0.3120165924598115
2026-02-03,3.7417651607402638,12,0.311813763395022
2026-02-04,3.747104627477812,12,0.3122587189564843
2026-02-05,3.740208148570489,12,0.3116840123808741
2026-02-06,3.7362088985367565,12,0.3113507415447297
2026-02-09,3.7337367536567445,12,0.3111447294713954
2026-02-10,3.732584415878906,12,0.3110487013232422
2026-02-11,3.7358810240638447,12,0.31132341867198704
2026-02-12,3.739026925931607,12,0.31158557716096724
2026-02-13,3.7351053300193087,12,0.3112587775016091
2026-02-24,3.7522380940297824,12,0.3126865078358152
2026-02-25,3.7492146504998347,12,0.31243455420831956
2026-02-26,3.740430152969413,12,0.3117025127474511
2026-02-27,3.7388991549239754,12,0.31157492957699795
2026-03-02,3.755494061027019,12,0.3129578384189183
2026-03-03,3.758622209991023,12,0.31321851749925195
2026-03-04,3.768489664764128,12,0.3140408053970107
2026-03-05,3.772129251032482,12,0.3143441042527068
2026-03-06,3.775148369771926,12,0.31459569748099386
2026-03-09,3.801007805329288,12,0.31675065044410733
2026-03-10,3.806630010970027,12,0.31721916758083557
2026-03-11,3.807422013871749,12,0.31728516782264576
2026-03-12,3.8124719785699854,12,0.31770599821416545
2026-03-13,3.806532824372282,12,0.31721106869769017
2026-03-16,3.814013277113068,12,0.3178344397594223
2026-03-17,3.807195756517755,12,0.3172663130431463
2026-03-18,3.81678857088938,12,0.31806571424078167
2026-03-19,3.816062126551409,12,0.3180051772126174
2026-03-20,3.815285487849996,12,0.31794045732083304
2026-03-23,3.793610328162672,12,0.31613419401355597
2026-03-24,3.78980511904764,12,0.31581709325397
2026-03-25,3.7868526850932187,12,0.31557105709110156
2026-03-26,3.7819127497896723,12,0.31515939581580604
2026-03-27,3.781810578117187,12,0.3151508815097656
2026-03-30,3.784835165553024,12,0.315402930462752
2026-03-31,3.799061881867573,12,0.3165884901556311
2026-04-01,3.7956869012292964,12,0.316307241769108
2026-04-02,3.7952404648883187,12,0.3162700387406932
2026-04-08,3.78602469040123,12,0.3155020575334358
2026-04-09,3.7790629223363155,12,0.31492191019469296
2026-04-10,3.7766283069659026,12,0.31471902558049186
2026-04-13,3.7732467227499016,12,0.31443722689582515
2026-04-14,3.7664684114257505,12,0.31387236761881254
2026-04-15,3.768785366918775,12,0.31406544724323127
2026-04-16,3.7666200159994356,12,0.3138850013332863
2026-04-17,3.767681828280712,12,0.31397348569005934
2026-04-20,3.764756068396944,12,0.31372967236641197
2026-04-21,3.765357791162206,12,0.31377981593018384
2026-04-22,3.765665678413648,12,0.31380547320113733
2026-04-23,3.77099285001413,12,0.31424940416784414
2026-04-24,3.775209725080668,12,0.314600810423389
2026-04-27,3.7747727623420384,12,0.3145643968618365
2026-04-28,3.7716914588740202,12,0.31430762157283504
2026-04-29,3.768466552453129,12,0.3140388793710941
2026-04-30,3.76678283840392,12,0.3138985698669933
2026-05-06,3.7642934601328215,12,0.3136911216777351
2026-05-07,3.7717987783401252,12,0.3143165648616771
2026-05-08,3.769105582085391,12,0.31409213184044926
2026-05-11,3.765357217073473,12,0.31377976808945607
2026-05-12,3.7651696650802005,12,0.31376413875668335
2026-05-13,3.766760059870531,12,0.3138966716558776
2026-05-14,3.7679018392759667,12,0.3139918199396639
2026-05-15,3.76563522804392,12,0.31380293567032663
2026-05-18,3.763640029921973,12,0.3136366691601644
2026-05-19,3.7635690929004717,12,0.31363075774170596
2026-05-20,3.764784187352766,12,0.3137320156127305
2026-05-21,3.7634652594628166,12,0.31362210495523474
2026-05-22,3.767884072677871,12,0.31399033938982257
2026-05-26,3.7678338717655624,12,0.31398615598046353
2026-05-27,3.771247707660142,12,0.31427064230501184
2026-05-28,3.7713650234836242,12,0.31428041862363537
2026-05-29,3.7785059083022245,12,0.3148754923585187
2026-06-01,3.7926714376256103,12,0.3160559531354675
2026-06-02,3.798618914452984,12,0.3165515762044153
2026-06-03,3.807150770014039,12,0.31726256416783655
2026-06-04,3.81209401369821,12,0.3176745011415175
2026-06-05,3.8109752553339624,12,0.3175812712778302
2026-06-08,3.8055534301181684,12,0.31712945250984736
2026-06-09,3.816068214029136,12,0.318005684502428
2026-06-10,3.817274838520453,12,0.31810623654337106
2026-06-11,3.817742284181808,12,0.318145190348484
2026-06-12,3.815172434854369,12,0.31793103623786406
2026-06-15,3.8294961903655547,12,0.3191246825304629
2026-06-16,3.8319739031035667,12,0.31933115859196387
2026-06-17,3.833486065769307,12,0.31945717214744224
2026-06-18,3.8371612548316265,12,0.31976343790263556
2026-06-22,3.840396724119654,12,0.32003306034330453
2026-06-23,3.8359105191525478,12,0.31965920992937896
2026-06-24,3.843425501657457,12,0.3202854584714548
2026-06-25,3.8489912206275627,12,0.3207492683856302
2026-06-26,3.83660982238177,12,0.3197174851984808
2026-06-29,3.8372748534075156,12,0.3197729044506263
2026-06-30,3.8462886496655497,12,0.3205240541387958
2026-07-02,3.8583229930618774,12,0.32152691608848977
2026-07-06,3.8629647802680975,12,0.3219137316890081
2026-07-07,3.862162016368982,12,0.32184683469741515
2026-07-08,3.870957145429608,12,0.32257976211913403
2026-07-09,3.8812193683240572,12,0.3234349473603381
2026-07-10,3.896946295357448,12,0.3247455246131207
2026-07-13,3.9011227367539156,12,0.32509356139615964
2026-07-14,3.897309919430676,12,0.324775826619223
2026-07-15,3.9031565224107347,12,0.3252630435342279
2026-07-16,3.909949000129635,12,0.32582908334413624
2026-07-17,3.888045578327984,12,0.32400379819399866
2026-07-20,3.8899099478986154,12,0.3241591623248846
2026-07-21,3.9054319969684017,12,0.3254526664140335
2026-07-22,3.909135328460238,12,0.32576127737168653
2026-07-23,3.9101400010438563,12,0.325845000086988
2026-07-24,3.8991965457946494,12,0.32493304548288743
2026-07-27,3.893974398989867,12,0.3244978665824889
2026-07-28,3.9041954256397533,12,0.32534961880331276
2026-07-29,3.9005782767322597,12,0.3250481897276883
2026-07-30,3.912245345345278,12,0.32602044544543984
2026-07-31,3.914466684179948,12,0.32620555701499565
2026-08-03,3.913438959007877,12,0.3261199132506564
2026-08-04,3.9219206281817414,12,0.3268267190151451
2026-08-05,3.922575367821123,12,0.32688128065176025
2026-08-06,3.927451023621567,12,0.32728758530179725
2026-08-07,3.9283742876122814,12,0.3273645239676901
2026-08-10,3.9254959835568557,12,0.32712466529640466
2026-08-11,3.9245818062209668,12,0.32704848385174723
2026-08-12,3.926710571278061,12,0.3272258809398384
2026-08-13,3.9262524428788392,12,0.3271877035732366
2026-08-14,3.9296703496464467,12,0.32747252913720387
2026-08-17,3.9312223185605246,12,0.3276018598800437
2026-08-18,3.936673617635249,12,0.32805613480293744
2026-08-19,3.9415103548482784,12,0.32845919623735653
2026-08-20,3.9413388022906677,12,0.32844490019088896
2026-08-21,3.9482874552006977,12,0.3290239546000581
2026-08-24,3.954294299318242,12,0.32952452494318685
2026-08-25,3.9571295904920984,12,0.32976079920767487
2026-08-26,3.95357421976102,12,0.32946451831341833
2026-08-27,3.9521214948228427,12,0.32934345790190356
2026-08-28,3.949758545645464,12,0.32914654547045535
2026-08-31,3.9541094541005153,12,0.32950912117504294
